produit,count,mean
auto,14076,3.145424836601307
sante,3525,2.5313475177304965
moto,2105,3.501187648456057
habitation,1956,1.7387525562372188
prevoyance,791,1.661188369152971
credit,653,2.6477794793261866
vie,578,1.4775086505190311
animaux,374,1.820855614973262
multirisque-professionnelle,20,2.85
garantie-decennale,12,1.5833333333333333
assurances-professionnelles,8,1.25
responsabilite-civile-professionnelle,5,1.0
flotte-automobile,1,1.0
