{
  "negative": {
    "precision": 0.8005359877488515,
    "recall": 0.9513193812556869,
    "f1-score": 0.8694386694386694,
    "support": 2198.0
  },
  "neutral": {
    "precision": 0.6,
    "recall": 0.013313609467455622,
    "f1-score": 0.02604920405209841,
    "support": 676.0
  },
  "positive": {
    "precision": 0.8048335613315093,
    "recall": 0.906988694758479,
    "f1-score": 0.8528630103889828,
    "support": 1946.0
  },
  "accuracy": 0.8018672199170125,
  "macro avg": {
    "precision": 0.7351231830267869,
    "recall": 0.6238738951605405,
    "f1-score": 0.5827836279599169,
    "support": 4820.0
  },
  "weighted avg": {
    "precision": 0.7741461019549986,
    "recall": 0.8018672199170125,
    "f1-score": 0.7444620073822353,
    "support": 4820.0
  }
}