{
  "1": {
    "precision": 0.6895854398382204,
    "recall": 0.469050894085282,
    "f1-score": 0.5583299222267704,
    "support": 1454.0
  },
  "2": {
    "precision": 0.31318281136198106,
    "recall": 0.5787348586810229,
    "f1-score": 0.4064272211720227,
    "support": 743.0
  },
  "3": {
    "precision": 0.311340206185567,
    "recall": 0.22337278106508876,
    "f1-score": 0.26012058570198104,
    "support": 676.0
  },
  "4": {
    "precision": 0.4257759784075574,
    "recall": 0.6458546571136131,
    "f1-score": 0.5132167547783651,
    "support": 977.0
  },
  "5": {
    "precision": 0.6069246435845214,
    "recall": 0.30721649484536084,
    "f1-score": 0.4079397672826831,
    "support": 970.0
  },
  "accuracy": 0.45477178423236514,
  "macro avg": {
    "precision": 0.46936181587556947,
    "recall": 0.4448459371580736,
    "f1-score": 0.42920685023236443,
    "support": 4820.0
  },
  "weighted avg": {
    "precision": 0.5084062391969579,
    "recall": 0.45477178423236514,
    "f1-score": 0.4536811186443447,
    "support": 4820.0
  }
}